{"cameraMode":{"drawMode":0,"name":"Shaded","section":"Shading Mode"},"sceneLighting":true,"audioPlay":false,"sceneViewState":{"m_AlwaysRefresh":false,"showFog":true,"showSkybox":true,"showFlares":true,"showImageEffects":true,"showParticleSystems":true,"showVisualEffectGraphs":true,"m_FxEnabled":true},"in2DMode":false,"pivot":{"x":-219.29129028320313,"y":-229.11569213867188,"z":20.99221420288086},"rotation":{"x":-0.28246933221817019,"y":0.6392257809638977,"z":-0.27313652634620669,"w":-0.6610733866691589},"size":187.26173400878907,"orthographic":false}